Title,image Link,measurement
        NatureLand Organic Blueberries        ,https://media.sultan-center.com/media/catalog/product/cache/d78cc041297526ec9177698ec54c1a78/3/0/301393303_1.jpg,                    Pack 125g        
        Driscoll's Usa Strawberries        ,https://media.sultan-center.com/media/catalog/product/cache/d78cc041297526ec9177698ec54c1a78/3/0/300892389.jpg,                    Pack 454g        
        Bio Taino Organic Banana         ,https://media.sultan-center.com/media/catalog/product/cache/d78cc041297526ec9177698ec54c1a78/3/0/301379704.jpg,                    Per Kg        
        Natureland Avocado Hass        ,https://media.sultan-center.com/media/catalog/product/cache/d78cc041297526ec9177698ec54c1a78/3/0/301357396_1.jpg,                    Pack        
        Banana Delmonte        ,https://media.sultan-center.com/media/catalog/product/cache/d78cc041297526ec9177698ec54c1a78/3/0/303153493.jpg,                    500g        
        Baraka Dates White Chocolate Covered Dates With Alomnds        ,https://media.sultan-center.com/media/catalog/product/cache/d78cc041297526ec9177698ec54c1a78/3/0/302915599.jpg,                    125g        
        Natureland Organic Tomatoes Netherlands        ,https://media.sultan-center.com/media/catalog/product/cache/d78cc041297526ec9177698ec54c1a78/3/0/301356490.jpg,                    500g        
        Baraka Dates Milk Chocolate Covered Dates With Alomnds        ,https://media.sultan-center.com/media/catalog/product/cache/d78cc041297526ec9177698ec54c1a78/3/0/302915601.jpg,                    125g        
        Driscoll's Blueberries Usa        ,https://media.sultan-center.com/media/catalog/product/cache/d78cc041297526ec9177698ec54c1a78/3/0/300052890.jpg,                    Pack 170g        
        Baraka Dates Dry Apricot         ,https://media.sultan-center.com/media/catalog/product/cache/d78cc041297526ec9177698ec54c1a78/3/0/302915628.jpg,                    125g        
        Natureland Organic Garlic        ,https://media.sultan-center.com/media/catalog/product/cache/d78cc041297526ec9177698ec54c1a78/3/0/301356300.jpg,                    100g        
        Driscoll's Usa Blackberries        ,https://media.sultan-center.com/media/catalog/product/cache/d78cc041297526ec9177698ec54c1a78/1/0/100455804.jpg,                    Pack 170g        
        Baraka Dates Dry Fig         ,https://media.sultan-center.com/media/catalog/product/cache/d78cc041297526ec9177698ec54c1a78/3/0/302915636.jpg,                    125g        
        Natureland Sweetcorn        ,https://media.sultan-center.com/media/catalog/product/cache/d78cc041297526ec9177698ec54c1a78/3/0/301597390_2.jpg,                    2 Pcs        
        Lettuce Romaine        ,https://media.sultan-center.com/media/catalog/product/cache/d78cc041297526ec9177698ec54c1a78/1/0/100450794.jpg,                    500g        
        Sweet Potato Usa        ,https://media.sultan-center.com/media/catalog/product/cache/d78cc041297526ec9177698ec54c1a78/1/0/100450109b.jpg,                    500g        
        Baraka Dates Ajwa With Nuts & Cardamom        ,https://media.sultan-center.com/media/catalog/product/cache/d78cc041297526ec9177698ec54c1a78/3/0/302915644.jpg,                    65g        
        Dole Banana Box         ,https://media.sultan-center.com/media/catalog/product/cache/d78cc041297526ec9177698ec54c1a78/1/0/100463995.jpg,                    3kg        
        Natureland Organic Brown Mushroom        ,https://media.sultan-center.com/media/catalog/product/cache/d78cc041297526ec9177698ec54c1a78/3/0/301611083.jpg,                    250g        
        Baraka Dates Ajwa Dry Dates        ,https://media.sultan-center.com/media/catalog/product/cache/d78cc041297526ec9177698ec54c1a78/3/0/302915652.jpg,                    70g        
        Natureland Organic Cherry Tomatoes        ,https://media.sultan-center.com/media/catalog/product/cache/d78cc041297526ec9177698ec54c1a78/3/0/301356481.jpg,                    Pack 250g        
        Onion Red        ,https://media.sultan-center.com/media/catalog/product/cache/d78cc041297526ec9177698ec54c1a78/1/0/100450799.jpg,                    Per Kg        
        Natureland Organic Sweet Potato Punnet        ,https://media.sultan-center.com/media/catalog/product/cache/d78cc041297526ec9177698ec54c1a78/3/0/302429267.jpg,                    500g        
        Courgette Zucchini        ,https://media.sultan-center.com/media/catalog/product/cache/d78cc041297526ec9177698ec54c1a78/1/0/100456253_1.jpg,                    500g        
